Site,Metrique,Periode,R2025,R2026,B2026
Nantes,CA,Q1,2280735.26,2819379.74,2770915.872638
Nantes,PNE,Q1,1729349.199999999,2263552.26,2276907.181238
Nantes,Marge_brute,Q1,286092.6600000006,485677.9200000013,514920.6357584712
Nantes,EBITDA,Q1,92450.94999999946,177679.1400000004,202644.6357584711
Nantes,EBIT,Q1,-3573.360000000743,78529.50000000044,117797.7316575156
Nantes,Personnel,Q1,-996807.72,-989915.76,-1073756.645493429
Nantes,Energie,Q1,0.0,-16853.28,-13932.0
Nantes,Maint_courante,Q1,-60278.50000000001,-45541.81,-26163.0
Nantes,Maint_oblig,Q1,-175000.0,-182499.86,-182499.0
Nantes,Traitement_sp,Q1,-10926.0,-18166.27,-19950.0
Nantes,Autres_couts,Q1,-200244.3199999998,-524897.3599999999,-445685.8999861
Nantes,CA,Q2,2336561.9700000007,2417964.3899999997,2279282.3031949997
Nantes,PNE,Q2,1754112.76,1714314.789999999,1833382.3921950012
Nantes,Marge_brute,Q2,252392.68999999994,-196017.49000000255,71395.84671547054
Nantes,EBITDA,Q2,59368.49999999974,-482656.04000000155,-240880.15328452864
Nantes,EBIT,Q2,-37441.50000000003,-582591.3900000016,-326512.76738548407
Nantes,Personnel,Q2,-1098524.03,-1093212.86,-1073756.645493429
Nantes,Energie,Q2,0.0,-17255.46,-13932.0
Nantes,Maint_courante,Q2,-27450.85,-41998.100000000006,-26163.0
Nantes,Maint_oblig,Q2,-175000.0,-191432.88,-182499.0
Nantes,Traitement_sp,Q2,-22326.39,-4301.5,-19950.0
Nantes,Autres_couts,Q2,-178418.8000000002,-562131.4800000002,-445685.8999861
Nantes,CA,S1,4617297.23,5237344.13,5050198.175833
Nantes,PNE,S1,3483461.959999999,3977867.049999999,4110289.573433001
Nantes,Marge_brute,S1,538485.3500000006,289660.42999999877,586316.4824739415
Nantes,EBITDA,S1,151819.4499999992,-304976.9000000012,-38235.51752605755
Nantes,EBIT,S1,-41014.86000000077,-504061.8900000012,-208715.0357279685
Nantes,Personnel,S1,-2095331.75,-2083128.62,-2147513.290986858
Nantes,Energie,S1,0.0,-34108.74,-27864.0
Nantes,Maint_courante,S1,-87729.35,-87539.91,-52326.0
Nantes,Maint_oblig,S1,-350000.0,-373932.74,-364998.0
Nantes,Traitement_sp,S1,-33252.39,-22467.77,-39900.0
Nantes,Autres_couts,S1,-378663.12,-1087028.84,-891371.7999722
Saran,CA,Q1,2137626.11,2026157.09,1816092.72
Saran,PNE,Q1,1764362.44,1336698.79,1549439.546
Saran,Marge_brute,Q1,413422.58999999985,27114.97999999998,115520.73601713101
Saran,EBITDA,Q1,248875.23,-167181.8300000005,-82278.26398286875
Saran,EBIT,Q1,-20607.65999999995,-297833.1600000004,-265589.5605837774
Saran,Personnel,Q1,-903918.66,-864489.3900000001,-914851.7540695227
Saran,Energie,Q1,-11635.0,-5104.959999999999,-7299.0
Saran,Maint_courante,Q1,-56213.66,-44298.8,-57342.65325647
Saran,Maint_oblig,Q1,-112484.77,-87508.92,-87435.0
Saran,Traitement_sp,Q1,,,
Saran,Autres_couts,Q1,-266274.98,-308003.1899999999,-366576.4026568762
Saran,CA,Q2,2305154.14,1807645.26,1775060.0599999998
Saran,PNE,Q2,1795734.6800000002,1430423.9899999988,1524662.4359999998
Saran,Marge_brute,Q2,401836.61000000127,283953.840000001,90743.62601713068
Saran,EBITDA,Q2,237297.45000000056,107133.55999999985,-107055.37398286865
Saran,EBIT,Q2,27375.020000000575,-20470.08000000019,-291725.80058377725
Saran,Personnel,Q2,-897711.2000000001,-715670.5999999999,-914851.7540695223
Saran,Energie,Q2,-9393.7,-30176.190000000002,-7299.0
Saran,Maint_courante,Q2,-70937.59,-24402.059999999998,-57342.65325647
Saran,Maint_oblig,Q2,-112348.6900000001,-87828.09000000001,-87435.0
Saran,Traitement_sp,Q2,,,
Saran,Autres_couts,Q2,-303094.1199999999,-287989.0300000001,-366576.4026568763
Saran,CA,S1,4442780.25,3833802.35,3591152.78
Saran,PNE,S1,3560097.12,2767122.779999999,3074101.982
Saran,Marge_brute,S1,815259.2000000011,311068.82000000123,206264.3620342617
Saran,EBITDA,S1,486172.6800000006,-60048.27000000066,-189333.6379657374
Saran,EBIT,S1,6767.360000000626,-318303.2400000006,-557315.3611675546
Saran,Personnel,S1,-1801629.86,-1580159.99,-1829703.508139045
Saran,Energie,S1,-21028.7,-35281.15,-14598.0
Saran,Maint_courante,S1,-127151.25,-68700.86,-114685.30651294
Saran,Maint_oblig,S1,-224833.4600000001,-175337.01,-174870.0
Saran,Traitement_sp,S1,,,
Saran,Autres_couts,S1,-569369.0999999999,-595992.22,-733152.8053137525
Amiens,CA,Q1,2242969.54,2514257.39,2537000.0
Amiens,PNE,Q1,1819282.14,1561660.95,1527500.0
Amiens,Marge_brute,Q1,271369.7300000002,792290.0900000001,720530.8990150001
Amiens,EBITDA,Q1,-79248.38999999952,701148.5399999997,515768.8990150003
Amiens,EBIT,Q1,-189776.6899999995,633362.6599999997,349863.3690150003
Amiens,Personnel,Q1,-964968.9400000001,-516772.0800000001,-333469.100985
Amiens,Energie,Q1,-198348.44,-59887.86,-88500.0
Amiens,Maint_courante,Q1,-67019.81999999999,-96510.54,-65500.0
Amiens,Maint_oblig,Q1,,,
Amiens,Traitement_sp,Q1,-1876.0,-10000.0,0.0
Amiens,Autres_couts,Q1,-314413.93,-79114.32000000004,-319500.0
Amiens,CA,Q2,2330241.71,2305202.78,2537000.000000001
Amiens,PNE,Q2,1856907.05,762121.0000000002,1527500.000000001
Amiens,Marge_brute,Q2,527910.7899999991,-193039.84000000032,720530.8990150008
Amiens,EBITDA,Q2,194981.96999999863,-271049.6399999994,515768.8990150007
Amiens,EBIT,Q2,81111.5299999987,-333347.0599999995,349276.72901500086
Amiens,Personnel,Q2,-953043.36,-459070.48,-333469.1009849999
Amiens,Energie,Q2,7646.7699999999895,-102108.55,-88500.0
Amiens,Maint_courante,Q2,-84661.41000000002,-127321.81999999999,-65500.0
Amiens,Maint_oblig,Q2,,,
Amiens,Traitement_sp,Q2,-2100.0,5466.0,0.0
Amiens,Autres_couts,Q2,-295517.76000000007,-270930.6399999999,-319500.0
Amiens,CA,S1,4573211.25,4819460.17,5074000.000000001
Amiens,PNE,S1,3676189.19,2323781.95,3055000.000000001
Amiens,Marge_brute,S1,799280.5199999991,599250.2499999998,1441061.7980300009
Amiens,EBITDA,S1,115733.5799999991,430098.9000000003,1031537.798030001
Amiens,EBIT,S1,-108665.1600000008,300015.6000000002,699140.0980300012
Amiens,Personnel,S1,-1918012.3,-975842.56,-666938.2019699999
Amiens,Energie,S1,-190701.67,-161996.41,-177000.0
Amiens,Maint_courante,S1,-151681.23,-223832.36,-131000.0
Amiens,Maint_oblig,S1,0.0,0.0,0.0
Amiens,Traitement_sp,S1,-3976.0,-4534.0,0.0
Amiens,Autres_couts,S1,-609931.6900000001,-350044.9599999999,-639000.0
Paris 15,CA,Q1,1470889.11,1616912.65,1728427.99
Paris 15,PNE,Q1,1433485.91,1571831.449999999,1689667.99
Paris 15,Marge_brute,Q1,-129948.18999999994,127776.26000000001,274413.81394561194
Paris 15,EBITDA,Q1,-310089.4100000003,-95651.90000000145,44409.81394561223
Paris 15,EBIT,Q1,-314844.4100000003,-101183.9000000014,39194.15065830342
Paris 15,Personnel,Q1,-851904.7500000003,-886770.9499999998,-854016.1823886882
Paris 15,Energie,Q1,-172525.44,-101379.26,-84050.0
Paris 15,Maint_courante,Q1,-56913.15000000002,-37169.8,-68793.87464509
Paris 15,Maint_oblig,Q1,-101319.57,-25315.35,-60000.0
Paris 15,Traitement_sp,Q1,,,
Paris 15,Autres_couts,Q1,-377671.19,-390104.88,-344194.1190206101
Paris 15,CA,Q2,1513405.41,669516.1499999999,1862103.7300000002
Paris 15,PNE,Q2,1472486.45,634637.9600000011,1836447.7300000002
Paris 15,Marge_brute,Q2,79685.86000000103,-62264.51000000024,205120.16968164314
Paris 15,EBITDA,Q2,-97297.19999999925,-283747.399999999,-24883.83031835809
Paris 15,EBIT,Q2,-102052.19999999925,-61426.259999999005,-30378.641395665894
Paris 15,Personnel,Q2,-858756.1999999996,-302039.64000000025,-903713.2702080428
Paris 15,Energie,Q2,-50478.03,-36658.63000000002,-55666.0
Paris 15,Maint_courante,Q2,-79870.24999999997,-83322.19,-48843.505563523286
Paris 15,Maint_oblig,Q2,-47910.919999999984,-16342.54,-92860.0
Paris 15,Traitement_sp,Q2,,,
Paris 15,Autres_couts,Q2,-352636.77999999997,-257941.90999999992,-502068.0245467917
Paris 15,CA,S1,2984294.52,2286428.8,3590531.72
Paris 15,PNE,S1,2905972.36,2206469.41,3526115.72
Paris 15,Marge_brute,S1,-50262.32999999914,65511.749999999534,479533.9836272551
Paris 15,EBITDA,S1,-407386.6099999996,-379399.3000000004,19525.98362725414
Paris 15,EBIT,S1,-416896.6099999996,-162610.1600000004,8815.509262637528
Paris 15,Personnel,S1,-1710660.95,-1188810.59,-1757729.452596731
Paris 15,Energie,S1,-223003.47,-138037.89,-139716.0
Paris 15,Maint_courante,S1,-136783.4,-120491.99,-117637.3802086133
Paris 15,Maint_oblig,S1,-149230.49,-41657.89,-152860.0
Paris 15,Traitement_sp,S1,-191.01,0.0,-10000.0
Paris 15,Autres_couts,S1,-730307.97,-648046.7899999999,-846262.1435674018
Le Havre,CA,Q1,2701113.97,2570256.339999999,2355792.61
Le Havre,PNE,Q1,2176969.8,2306837.4,2175784.9397
Le Havre,Marge_brute,Q1,654104.4699999993,733313.929999999,687580.054242043
Le Havre,EBITDA,Q1,407572.9399999994,583876.3200000003,519613.0542420439
Le Havre,EBIT,Q1,280135.9999999994,479099.0700000004,414870.6385971585
Le Havre,Personnel,Q1,-944242.0,-1110054.86,-965735.428247432
Le Havre,Energie,Q1,-164074.41,-107821.0,-103162.45
Le Havre,Maint_courante,Q1,-105141.43,-50594.78000000001,-100398.712052985
Le Havre,Maint_oblig,Q1,,,
Le Havre,Traitement_sp,Q1,-19069.54,-12610.52,-16788.3
Le Havre,Autres_couts,Q1,-264360.1200000001,-290047.21,-293864.68515754
Le Havre,CA,Q2,2519390.8399999994,2460425.570000001,2208555.57
Le Havre,PNE,Q2,2173095.5199999996,2308404.89,2033173.9047999997
Le Havre,Marge_brute,Q2,646640.54,680989.1400000008,534958.7824405758
Le Havre,EBITDA,Q2,405069.82000000036,553155.4399999997,366991.7824405761
Le Havre,EBIT,Q2,280433.9500000003,447450.96999999986,261321.76679569087
Le Havre,Personnel,Q2,-1051517.5,-1084990.26,-1021710.8951488989
Le Havre,Energie,Q2,-40278.42999999999,-53270.57000000001,-57197.220000000016
Le Havre,Maint_courante,Q2,-35715.22,-171257.06,-100398.712052985
Le Havre,Maint_oblig,Q2,,,
Le Havre,Traitement_sp,Q2,-17201.35,-19020.2,-16788.3
Le Havre,Autres_couts,Q2,-380700.1799999998,-300377.66,-293864.6851575399
Le Havre,CA,S1,5220504.81,5030681.91,4564348.18
Le Havre,PNE,S1,4350065.319999999,4615242.29,4208958.8445
Le Havre,Marge_brute,S1,1300745.0099999993,1414303.0699999998,1222538.8366826186
Le Havre,EBITDA,S1,812642.7599999998,1137031.76,886604.83668262
Le Havre,EBIT,S1,560569.9499999997,926550.0400000003,676192.4053928494
Le Havre,Personnel,S1,-1995759.5,-2195045.12,-1987446.323396331
Le Havre,Energie,S1,-204352.84,-161091.57,-160359.67
Le Havre,Maint_courante,S1,-140856.65,-221851.84,-200797.42410597
Le Havre,Maint_oblig,S1,,,
Le Havre,Traitement_sp,S1,-36270.89,-31630.72,-33576.6
Le Havre,Autres_couts,S1,-645060.2999999999,-590424.87,-587729.3703150799
Sevran,CA,Q1,1310563.55,1026515.49,1223786.12
Sevran,PNE,Q1,1226455.67,953894.6900000004,1162457.12
Sevran,Marge_brute,Q1,-92140.45000000019,-143926.34000000008,95910.23889994016
Sevran,EBITDA,Q1,-262063.4500000001,-317212.3399999996,-77375.7611000599
Sevran,EBIT,Q1,-266306.9500000001,-323705.3399999996,-81817.61879797356
Sevran,Personnel,Q1,-709129.55,-539650.7300000001,-685690.1254308565
Sevran,Energie,Q1,-160684.14,-80375.24,-60552.99
Sevran,Maint_courante,Q1,-90479.30000000002,-74612.73000000001,-44575.33789701033
Sevran,Maint_oblig,Q1,-162935.52,-244974.06,-78834.0
Sevran,Traitement_sp,Q1,4.547473508864641e-13,1.5,0.0
Sevran,Autres_couts,Q1,-189661.42,-149784.21,-194594.447772193
Sevran,CA,Q2,1382279.97,1290411.8099999998,1287699.38
Sevran,PNE,Q2,1314738.12,1247586.3000000007,1216637.38
Sevran,Marge_brute,Q2,243919.34000000008,77453.85999999964,72389.13308872562
Sevran,EBITDA,Q2,73996.3399999993,-95832.13999999949,-100896.86691127531
Sevran,EBIT,Q2,69629.83999999933,-91359.13999999949,-105815.42801705803
Sevran,Personnel,Q2,-725597.3699999999,-713513.9699999999,-779290.1274213545
Sevran,Energie,Q2,-35991.159999999974,8638.520000000004,-41346.99
Sevran,Maint_courante,Q2,-59871.02999999997,-71907.09,-44902.87886760099
Sevran,Maint_oblig,Q2,-118535.1099999999,-233759.06,-78834.0
Sevran,Traitement_sp,Q2,-9.094947017729282e-13,-137.03,0.0
Sevran,Autres_couts,Q2,-129170.79999999996,-157300.24000000002,-197574.2706223193
Sevran,CA,S1,2692843.52,2316927.3,2511485.5
Sevran,PNE,S1,2541193.79,2201480.990000001,2379094.5
Sevran,Marge_brute,S1,151778.89000000013,-66472.48000000045,168299.37198866578
Sevran,EBITDA,S1,-188067.1100000008,-413044.4799999991,-178272.6280113352
Sevran,EBIT,S1,-196677.1100000008,-415064.4799999991,-187633.0468150316
Sevran,Personnel,S1,-1434726.92,-1253164.7,-1464980.252852211
Sevran,Energie,S1,-196675.3,-71736.72,-101899.98
Sevran,Maint_courante,S1,-150350.33,-146519.82,-89478.21676461132
Sevran,Maint_oblig,S1,-281470.6299999999,-478733.12,-157668.0
Sevran,Traitement_sp,S1,-4.547473508864641e-13,-135.53,0.0
Sevran,Autres_couts,S1,-318832.22,-307084.45,-392168.7183945123
Chézy,CA,Q1,682303.8,689187.86,363970.46
Chézy,PNE,Q1,657667.72,655941.96,358504.39
Chézy,Marge_brute,Q1,78802.69999999984,121972.53000000003,-65618.02785730181
Chézy,EBITDA,Q1,5150.939999999944,114867.67,-73598.02785730198
Chézy,EBIT,Q1,-7194.920000000071,109171.23,-79931.31051113378
Chézy,Personnel,Q1,-261560.61,-317246.48,-237855.3798925837
Chézy,Energie,Q1,-128906.94,-54716.15000000002,-49043.73
Chézy,Maint_courante,Q1,-56150.97,-28644.28,-23429.92
Chézy,Maint_oblig,Q1,-53172.72,-73614.93999999999,-36404.48
Chézy,Traitement_sp,Q1,-102.0,0.0,-138.18
Chézy,Autres_couts,Q1,-77271.26,-56760.97000000001,-76692.38796471822
Chézy,CA,Q2,383390.42999999993,537424.2000000001,0.0
Chézy,PNE,Q2,354920.31000000006,505025.40000000014,-5466.070000000007
Chézy,Marge_brute,Q2,-135865.6699999998,-77305.31999999989,-64145.77000000007
Chézy,EBITDA,Q2,-211192.00000000035,-84378.08000000026,-72125.77000000012
Chézy,EBIT,Q2,-221352.94000000032,-87624.00000000026,-74375.55273980013
Chézy,Personnel,Q2,-284863.95000000007,-340435.33999999997,0.0
Chézy,Energie,Q2,-18460.600000000006,-50456.419999999984,-245.18999999998778
Chézy,Maint_courante,Q2,-19149.609999999986,-43112.620000000024,0.0
Chézy,Maint_oblig,Q2,-65888.22,-46129.07000000001,0.0
Chézy,Traitement_sp,Q2,0.0,-645.92,0.0
Chézy,Autres_couts,Q2,-101838.05,-100947.81,-58434.50999999998
Chézy,CA,S1,1065694.23,1226612.06,363970.46
Chézy,PNE,S1,1012588.03,1160967.36,353038.32
Chézy,Marge_brute,S1,-57062.96999999997,44667.210000000196,-129763.79785730189
Chézy,EBITDA,S1,-206041.0600000004,30489.58999999973,-145723.7978573021
Chézy,EBIT,S1,-228547.8600000004,21547.22999999973,-154306.8632509339
Chézy,Personnel,S1,-546424.56,-657681.82,-237855.3798925837
Chézy,Energie,S1,-147367.54,-105172.57,-49288.91999999999
Chézy,Maint_courante,S1,-75300.57999999999,-71756.90000000002,-23429.92
Chézy,Maint_oblig,S1,-119060.94,-119744.01,-36404.48
Chézy,Traitement_sp,S1,-102.0,-645.92,-138.18
Chézy,Autres_couts,S1,-179109.31,-157708.78,-135126.8979647182
Portes les Valences,CA,Q1,1645570.93,1466807.18,1491528.2194
Portes les Valences,PNE,Q1,1254470.52,1081496.24,1036075.25092
Portes les Valences,Marge_brute,Q1,252004.28000000003,100941.77000000002,14819.621830529999
Portes les Valences,EBITDA,Q1,110432.4700000004,-22424.48000000026,-121962.3781694701
Portes les Valences,EBIT,Q1,101487.7000000003,-34777.52000000027,-134293.5533161701
Portes les Valences,Personnel,Q1,-483552.45,-520267.2799999999,-539190.0106688782
Portes les Valences,Energie,Q1,-199633.82,-102736.64,-107691.836927
Portes les Valences,Maint_courante,Q1,-15923.44999999999,682.1399999999996,-51675.06740290546
Portes les Valences,Maint_oblig,Q1,-97790.23,-105578.21,-74250.0
Portes les Valences,Traitement_sp,Q1,,,
Portes les Valences,Autres_couts,Q1,-202747.46,-251373.83,-246705.8754705866
Portes les Valences,CA,Q2,1384723.36,1393011.0200000003,1562385.8068000001
Portes les Valences,PNE,Q2,992776.6399999992,998349.95,1089750.57796
Portes les Valences,Marge_brute,Q2,98014.36999999895,94695.19999999995,91614.94887052919
Portes les Valences,EBITDA,Q2,-46776.3400000019,-27950.209999999537,-45167.05112947051
Portes les Valences,EBIT,Q2,-53990.49000000181,-40422.79999999953,-57591.89044447051
Portes les Valences,Personnel,Q2,-497386.36000000004,-539644.0300000001,-539190.0106688777
Portes les Valences,Energie,Q2,-53463.899999999994,-51185.12000000001,-84571.836927
Portes les Valences,Maint_courante,Q2,-40403.19999999998,-10813.939999999999,-51675.06740290544
Portes les Valences,Maint_oblig,Q2,-119152.96,-87760.80999999998,-74250.0
Portes les Valences,Traitement_sp,Q2,,,
Portes les Valences,Autres_couts,Q2,-179041.1699999999,-217200.48000000013,-246705.8754705867
Portes les Valences,CA,S1,3030294.29,2859818.2,3053914.0262
Portes les Valences,PNE,S1,2247247.159999999,2079846.19,2125825.82888
Portes les Valences,Marge_brute,S1,350018.6499999992,195636.96999999997,106434.57070105895
Portes les Valences,EBITDA,S1,63656.12999999849,-50374.6899999998,-167129.4292989406
Portes les Valences,EBIT,S1,47497.20999999849,-75200.3199999998,-191885.4437606406
Portes les Valences,Personnel,S1,-980938.81,-1059911.31,-1078380.021337756
Portes les Valences,Energie,S1,-253097.72,-153921.76,-192263.673854
Portes les Valences,Maint_courante,S1,-56326.64999999997,-10131.8,-103350.1348058109
Portes les Valences,Maint_oblig,S1,-216943.19,-193339.02,-148500.0
Portes les Valences,Traitement_sp,S1,0.0,0.0,0.0
Portes les Valences,Autres_couts,S1,-381788.6299999999,-468574.3100000001,-493411.7509411733
Montpellier,CA,Q1,1359132.27,1554250.83,1388046.71
Montpellier,PNE,Q1,1234805.41,1455234.01,1319267.63
Montpellier,Marge_brute,Q1,-157558.49,120034.8899999999,9611.624893686967
Montpellier,EBITDA,Q1,-277226.8699999999,-45233.34000000014,-155655.3751063133
Montpellier,EBIT,Q1,-331298.3599999999,-79789.10000000012,-190059.8888741089
Montpellier,Personnel,Q1,-828556.4500000002,-767243.6699999999,-806228.6880684734
Montpellier,Energie,Q1,-174313.3,-116862.06,-79706.79
Montpellier,Maint_courante,Q1,-114433.19,-137568.35,-109176.04005627
Montpellier,Maint_oblig,Q1,-53609.26000000001,-62942.1,-56363.69999999999
Montpellier,Traitement_sp,Q1,-3744.5,0.0,-2291.64
Montpellier,Autres_couts,Q1,-215965.4,-248086.08,-253755.54698157
Montpellier,CA,Q2,1458443.7599999998,1424100.52,1321949.2600000002
Montpellier,PNE,Q2,1300685.45,1337295.64,1256445.37
Montpellier,Marge_brute,Q2,138582.90000000084,114895.2799999991,-53210.63510631351
Montpellier,EBITDA,Q2,18914.52000000098,-50372.949999999546,-218477.63510631348
Montpellier,EBIT,Q2,-35749.61999999895,-84040.92999999959,-251996.36887410912
Montpellier,Personnel,Q2,-806439.3800000008,-716194.29,-806228.6880684736
Montpellier,Energie,Q2,-16714.330000000016,-44066.98000000001,-79706.79
Montpellier,Maint_courante,Q2,-53919.41,-153911.6799999999,-109176.04005627
Montpellier,Maint_oblig,Q2,-50314.65999999999,-70402.38,-56363.700000000004
Montpellier,Traitement_sp,Q2,0.0,-510.23,-2291.64
Montpellier,Autres_couts,Q2,-236325.27,-236053.60000000012,-253755.54698157
Montpellier,CA,S1,2817576.03,2978351.35,2709995.97
Montpellier,PNE,S1,2535490.86,2792529.65,2575713.0
Montpellier,Marge_brute,S1,-18975.58999999892,234930.169999999,-43599.010212626774
Montpellier,EBITDA,S1,-258312.3499999989,-95606.28999999969,-374133.0102126268
Montpellier,EBIT,S1,-367047.9799999989,-163830.0299999997,-442056.257748218
Montpellier,Personnel,S1,-1634995.830000001,-1483437.96,-1612457.376136947
Montpellier,Energie,S1,-191027.63,-160929.04,-159413.58
Montpellier,Maint_courante,S1,-168352.6,-291480.0299999999,-218352.08011254
Montpellier,Maint_oblig,S1,-103923.92,-133344.48,-112727.4
Montpellier,Traitement_sp,S1,-3744.5,-510.23,-4583.28
Montpellier,Autres_couts,S1,-452290.67,-484139.6800000001,-507511.09396314
Millau,CA,Q1,1159017.94,1357354.13,1388792.1525
Millau,PNE,Q1,1139952.97,1344666.71,1346892.6681
Millau,Marge_brute,Q1,56044.70999999996,136343.1399999999,112591.05102878413
Millau,EBITDA,Q1,22292.10000000009,86418.36999999991,62665.05102878419
Millau,EBIT,Q1,-2030.849999999909,57229.25999999989,35399.09479657982
Millau,Personnel,Q1,-569902.45,-628831.23,-670902.0799241881
Millau,Energie,Q1,-150381.3,-96532.96,-133113.20584
Millau,Maint_courante,Q1,-91429.71999999999,-72872.00000000003,-42644.000001
Millau,Maint_oblig,Q1,-38002.86,-86467.36,-87335.208
Millau,Traitement_sp,Q1,-1198.25,0.0,0.0
Millau,Autres_couts,Q1,-232487.59,-323620.02,-298487.332686128
Millau,CA,Q2,1203332.9100000001,1337088.83,1388792.1525
Millau,PNE,Q2,1185557.34,1317818.9300000002,1346892.6681
Millau,Marge_brute,Q2,178050.2900000012,107372.20000000135,189468.9262387792
Millau,EBITDA,Q2,144297.6800000006,57447.4300000004,139542.92623877822
Millau,EBIT,Q2,119861.5700000006,27981.540000000445,112013.82000657386
Millau,Personnel,Q2,-594091.95,-702401.7,-680901.8770341929
Millau,Energie,Q2,-8383.809999999998,-67119.33,-46235.53352
Millau,Maint_courante,Q2,5944.780000000013,-29443.24999999997,-42644.000001
Millau,Maint_oblig,Q2,-123871.2,-92240.09999999999,-87335.208
Millau,Traitement_sp,Q2,0.0,0.0,0.0
Millau,Autres_couts,Q2,-277713.31000000006,-319154.0900000001,-298487.332686128
Millau,CA,S1,2362350.85,2694442.96,2777584.305
Millau,PNE,S1,2325510.31,2662485.64,2693785.3362
Millau,Marge_brute,S1,234095.00000000116,243715.34000000125,302059.97726756334
Millau,EBITDA,S1,166589.7800000007,143865.8000000003,202207.9772675624
Millau,EBIT,S1,117830.7200000007,85210.80000000034,147412.9148031537
Millau,Personnel,S1,-1163994.4,-1331232.93,-1351803.956958381
Millau,Energie,S1,-158765.11,-163652.29,-179348.73936
Millau,Maint_courante,S1,-85484.93999999997,-102315.25,-85288.000002
Millau,Maint_oblig,S1,-161874.06,-178707.46,-174670.416
Millau,Traitement_sp,S1,-1198.25,0.0,0.0
Millau,Autres_couts,S1,-510200.9,-642774.1100000001,-596974.665372256
Bègles,CA,Q1,1718845.78,1723674.75,1656701.85
Bègles,PNE,Q1,1108895.5,929062.1900000001,951484.8732999999
Bègles,Marge_brute,Q1,-567025.55,-790698.3899999988,-679505.9691367269
Bègles,EBITDA,Q1,-604017.1399999997,-828082.4399999997,-716888.9691367267
Bègles,EBIT,Q1,-1359161.98,-1597318.78,-1491725.067216192
Bègles,Personnel,Q1,-1060516.36,-1089433.12,-1069398.807727722
Bègles,Energie,Q1,-36.97,-436.54,0.0
Bègles,Maint_courante,Q1,-145535.0,-95956.10999999999,-95981.955629875
Bègles,Maint_oblig,Q1,-170936.38,-208453.82,-168000.0
Bègles,Traitement_sp,Q1,0.0,-2618.43,0.0
Bègles,Autres_couts,Q1,-297514.6599999999,-322279.9600000001,-293860.07907913
Bègles,CA,Q2,1449749.14,1648673.35,1634406.69
Bègles,PNE,Q2,875374.300000001,988246.07,945049.2140000002
Bègles,Marge_brute,Q2,-706104.0700000001,-690976.5499999999,-692441.6284367283
Bègles,EBITDA,Q2,-743095.6599999995,-728360.6000000013,-729824.6284367273
Bègles,EBIT,Q2,-1499649.6999999988,-1499475.9600000011,-1506433.2765161921
Bègles,Personnel,Q2,-1002094.01,-1071939.2599999988,-1069398.807727722
Bègles,Energie,Q2,-691.99,-56.18000000000001,0.0
Bègles,Maint_courante,Q2,-121804.34999999998,-62311.98000000001,-95981.955629875
Bègles,Maint_oblig,Q2,-167961.15000000002,-167467.39999999997,-168000.0
Bègles,Traitement_sp,Q2,-2368.91,969.8899999999999,0.0
Bègles,Autres_couts,Q2,-285692.8800000001,-377120.87999999954,-300360.07907913
Bègles,CA,S1,3168594.92,3372348.1,3291108.54
Bègles,PNE,S1,1984269.800000001,1917308.26,1896534.0873
Bègles,Marge_brute,S1,-1273129.62,-1481674.9399999988,-1371947.5975734552
Bègles,EBITDA,S1,-1347112.799999999,-1556443.040000001,-1446713.597573454
Bègles,EBIT,S1,-2858811.679999999,-3096794.740000001,-2998158.343732384
Bègles,Personnel,S1,-2062610.37,-2161372.379999999,-2138797.615455444
Bègles,Energie,S1,-728.96,-492.72,0.0
Bègles,Maint_courante,S1,-267339.35,-158268.09,-191963.91125975
Bègles,Maint_oblig,S1,-338897.53,-375921.22,-336000.0
Bègles,Traitement_sp,S1,-2368.91,-1648.54,0.0
Bègles,Autres_couts,S1,-583207.54,-699400.8399999996,-594220.15815826
